name,website,emails,phones,pages_scanned
https://acme-filters.com,https://acme-filters.com,,,1
https://acme-filters.com/contact,https://acme-filters.com/contact,,,1
https://brightlubes.ae,https://brightlubes.ae,,,1
https://brightlubes.ae/contact-us,https://brightlubes.ae/contact-us,,,1
https://eurofilter-uae.com,https://eurofilter-uae.com,,,1
https://eurofilter-uae.com/contact,https://eurofilter-uae.com/contact,,,1
https://gulf-oils-llc.com,https://gulf-oils-llc.com,,,1
https://gulf-oils-llc.com/contact,https://gulf-oils-llc.com/contact,,,1
https://desertparts-trading.com,https://desertparts-trading.com,,,1
https://desertparts-trading.com/contact,https://desertparts-trading.com/contact,,,1
https://sahara-lubricants.com,https://sahara-lubricants.com,,,1
https://sahara-lubricants.com/contact,https://sahara-lubricants.com/contact,,,1
https://tigrisfilters.com,https://tigrisfilters.com,,,1
https://tigrisfilters.com/contact,https://tigrisfilters.com/contact,,,1
https://levant-auto-parts.com,https://levant-auto-parts.com,,,1
https://levant-auto-parts.com/contact,https://levant-auto-parts.com/contact,,,1
https://mesopotamia-lubes.com,https://mesopotamia-lubes.com,,,1
https://mesopotamia-lubes.com/contact,https://mesopotamia-lubes.com/contact,,,1
https://redsea-filtration.com,https://redsea-filtration.com,,,1
https://redsea-filtration.com/contact,https://redsea-filtration.com/contact,,,1
https://phoenix-oil.cn,https://phoenix-oil.cn,,,1
https://phoenix-oil.cn/contact,https://phoenix-oil.cn/contact,,,1
https://anatoliafilters.tr,https://anatoliafilters.tr,,,1
https://anatoliafilters.tr/iletisim,https://anatoliafilters.tr/iletisim,,,1
https://deltafleet-parts.com,https://deltafleet-parts.com,,,1
https://deltafleet-parts.com/contact,https://deltafleet-parts.com/contact,,,1
https://neptune-lubes.eu,https://neptune-lubes.eu,,,1
https://neptune-lubes.eu/contact,https://neptune-lubes.eu/contact,,,1
https://atlasfilters.net,https://atlasfilters.net,,,1
https://atlasfilters.net/contact,https://atlasfilters.net/contact,,,1
